<?xml version="1.0"?>
<config xmlns:xsi="http://www.w3.org/2001/XMLSchema-instance" xsi:noNamespaceSchemaLocation="../../../../Magento/Config/etc/system_file.xsd">
    <system>
        <tab id="biztech" translate="label" sortOrder="210">
            <label>Appjetty</label>
        </tab>
        <section id="auspost"  showInDefault="1">
            <tab>biztech</tab>
            <label>Australia Post</label>
            <resource>Biztech_Auspost::biztech_auspost</resource>
            <group id="activation"  showInDefault="1">
                <attribute type="expanded">1</attribute>
                <label>Australia Post Activation</label>
                <field id="key" translate="label" type="text" sortOrder="2" showInDefault="1" showInWebsite="1" showInStore="0">
                    <label>Activation Key</label>
                    <validate>required-entry</validate>
                </field>
                <field id="store" translate="label" type="multiselect" sortOrder="3" showInDefault="1" showInWebsite="1" showInStore="1">
                    <label>Select Store</label>
                    <source_model>Biztech\Auspost\Model\Config\Source\WebsiteStoreview</source_model>
                    <tooltip><![CDATA[If you are not able to select any store then please check your activation key and enter correct Activation key.]]></tooltip>
                </field>
            </group>
        </section>
        <section id="carriers" translate="label" type="text" sortOrder="1" showInDefault="1" showInWebsite="1" showInStore="1">
            <group id="auspost" translate="label"  type="text" sortOrder="1" showInDefault="1" showInWebsite="1" showInStore="1">
                <attribute type="expanded">1</attribute>
                <label>Appjetty - Australia Post Shipping</label>
                <field id="active" translate="label" type="select" sortOrder="1" showInDefault="1" showInWebsite="1" showInStore="1">
                    <label>Enabled</label>
                    <source_model>Biztech\Auspost\Model\Config\Source\Enabledisable</source_model>        
                    <frontend_model>Biztech\Auspost\Block\Adminhtml\Enabledisable</frontend_model>
                </field>
                <field id="title" translate="label" type="text" sortOrder="2" showInDefault="1" showInWebsite="1" showInStore="1">
                    <label>Title</label>
                </field>
                <field id="method" translate="label" type="text" sortOrder="3" showInDefault="1" showInWebsite="1" showInStore="1">
                    <label>Method Name</label>
                </field>
                
                <field id="auspost_api_key" translate="label" type="text" sortOrder="4" showInDefault="1" showInWebsite="1" showInStore="1">
                    <label>API Key</label>
                </field>
                
                <field id="handling_action" translate="label" type="select" sortOrder="5" showInDefault="1" showInWebsite="1" showInStore="0">
                    <label>Handling Applied</label>
                    <source_model>Magento\Shipping\Model\Source\HandlingAction</source_model>
                </field>
                <field id="handling_type" translate="label" type="select" sortOrder="6" showInDefault="1" showInWebsite="1" showInStore="0">
                    <label>Calculate Handling Fee</label>
                    <source_model>Magento\Shipping\Model\Source\HandlingType</source_model>
                </field>
                <field id="handling_fee" translate="label" type="text" sortOrder="7" showInDefault="1" showInWebsite="1" showInStore="1">
                    <label>Handling Fee</label>
                    <validate>validate-number validate-zero-or-greater</validate>
                </field>
                <field id="auspost_from_shipping_postcode" translate="label" type="text" sortOrder="8" showInDefault="1" showInWebsite="0" showInStore="1">
                    <label>Warehouse Postcode</label>
                    <comment>In order to query delivery options</comment>
                </field>                  
                <field id="auspost_enable_services" translate="label" type="multiselect" sortOrder="10" showInDefault="1" showInWebsite="0" showInStore="0">
                    <label>Enable Domestic services for Parcel</label>
                    <source_model>Biztech\Auspost\Model\Config\Serviceoptions</source_model>
                </field> 
                <field id="auspost_enable_int_services" translate="label" type="multiselect" sortOrder="11" showInDefault="1" showInWebsite="0" showInStore="0">
                    <label>Enable International services for Parcel</label>
                    <source_model>Biztech\Auspost\Model\Config\Newintservicemultiselectionoptions</source_model>
                </field>
                
                <field id="auspost_enable_services_letter" translate="label" type="multiselect" sortOrder="12" showInDefault="1" showInWebsite="0" showInStore="0">
                    <label>Enable Domestic services for Letter</label>
                    <source_model>Biztech\Auspost\Model\Config\Letterdomesticoption</source_model>
                </field>
                <field id="auspost_enable_int_services_letter" translate="label" type="multiselect" sortOrder="13" showInDefault="1" showInWebsite="0" showInStore="0">
                    <label>Enable International services for Letter</label>                    
                    <source_model>Biztech\Auspost\Model\Config\Newletterintoption</source_model>
                </field>
                
                <field id="auspost_disable_signature_services" translate="label" type="select" sortOrder="14" showInDefault="1" showInWebsite="1" showInStore="0">
                    <label>Disable Signature on Delivery services</label>
                    <source_model>Magento\Config\Model\Config\Source\Yesno</source_model>
                </field>
                
                <field id="auspost_add_extra_cover_price" translate="label" type="select" sortOrder="15" showInDefault="1" showInWebsite="1" showInStore="0">
                    <label>Add Extra Cover Price for Domestic services</label>
                    <source_model>Magento\Config\Model\Config\Source\Yesno</source_model>
                </field> 
                <field id="auspost_add_extra_cover_price_int_service" translate="label" type="select" sortOrder="16" showInDefault="1" showInWebsite="1" showInStore="0">
                    <label>Add Extra Cover Price for International services</label>
                    <source_model>Magento\Config\Model\Config\Source\Yesno</source_model>
                </field>
                
                <field id="auspost_package_item" translate="label" type="select" sortOrder="17" showInDefault="1" showInWebsite="1" showInStore="0">
                    <label>Ship every item separately</label>
                    <source_model>Magento\Config\Model\Config\Source\Yesno</source_model>
                    <comment>If enable will create different packages for every items if cart weight exceeds Australia Post Weight limit. We do not recomend it as it doubles the rate</comment>
                </field> 
               
                
                <field id="sallowspecific" translate="label" type="select" sortOrder="18" showInDefault="1" showInWebsite="1" showInStore="0">
                    <label>Ship to Applicable Countries</label>
                    <frontend_class>shipping-applicable-country</frontend_class>
                    <source_model>Magento\Shipping\Model\Config\Source\Allspecificcountries</source_model>
                </field>
                <field id="specificcountry" translate="label" type="multiselect" sortOrder="19" showInDefault="1" showInWebsite="1" showInStore="0">
                    <label>Ship to Specific Countries</label>
                    <source_model>Magento\Directory\Model\Config\Source\Country</source_model>
                    <can_be_empty>1</can_be_empty>
                </field>
                
                <field id="showmethod" translate="label" type="select" sortOrder="20" showInDefault="1" showInWebsite="1" showInStore="0">
                    <label>Show Method if Not Applicable</label>
                    <frontend_class>shipping-skip-hide</frontend_class>
                    <source_model>Magento\Config\Model\Config\Source\Yesno</source_model>
                </field>
                
                <field id="specificerrmsg" translate="label" type="textarea" sortOrder="21" showInDefault="1" showInWebsite="1" showInStore="1">
                    <label>Displayed Error Message</label>
                </field>
                <field id="sort_order" translate="label" type="text" sortOrder="22" showInDefault="1" showInWebsite="1" showInStore="0">
                    <label>Sort Order</label>
                </field>
               
                <field id="heading_attribute" translate="label" type="label"  sortOrder="23" showInDefault="1" showInWebsite="1" showInStore="0">
                    <label>Product Configuration</label>
                    <frontend_model>Magento\Config\Block\System\Config\Form\Field\Heading</frontend_model>
                </field>
                <field id="length_attribute" translate="label" type="select" sortOrder="24" showInDefault="1" showInWebsite="1" showInStore="0">
                    <label>Select Attribute for Length</label>
                    <source_model>Biztech\Auspost\Model\Config\Source\Attributes</source_model>               
                    <comment>Select length attribute</comment>
                </field>                
                <field id="height_attribute" translate="label" type="select" sortOrder="25" showInDefault="1" showInWebsite="1" showInStore="0">
                    <label>Select Attribute for Height/Thickness</label>
                    <source_model>Biztech\Auspost\Model\Config\Source\Attributes</source_model>               
                    <comment>Select height / thickness attribute.</comment>
                </field>
                <field id="width_attribute" translate="label" type="select" sortOrder="26" showInDefault="1" showInWebsite="1" showInStore="0">
                    <label>Select Attribute for Width</label>
                    <source_model>Biztech\Auspost\Model\Config\Source\Attributes</source_model>               
                    <comment>Select width attribute.</comment>
                </field>
                <field id="weight_unit" translate="label" type="select" sortOrder="27" showInDefault="1" showInWebsite="1" showInStore="0">
                    <label>Default Weight Unit</label>
                    <source_model>Biztech\Auspost\Model\Config\Source\Unit</source_model>
                    <comment>Product weight unit</comment>
                </field>
                <field id="auspost_allow_default" translate="label" type="select" sortOrder="28" showInDefault="1" showInWebsite="1" showInStore="0">
                    <label>Allow Default Value for Dimension</label>
                    <source_model>Magento\Config\Model\Config\Source\Yesno</source_model>
                    <comment>If product dimensions are empty , will use following global values.</comment>
                </field>
                
                <field id="length_value" translate="label" type="text" sortOrder="29" showInDefault="1" showInWebsite="1" showInStore="0">
                    <label>Default Length (cm)</label>
                    <depends>
                        <field id="auspost_allow_default">1</field>
                    </depends>
                </field>
                
                <field id="height_value" translate="label" type="text" sortOrder="30" showInDefault="1" showInWebsite="1" showInStore="0">
                    <label>Default Height (cm)</label>
                    <depends>
                        <field id="auspost_allow_default">1</field>
                    </depends>
                </field>
                
                <field id="width_value" translate="label" type="text" sortOrder="31" showInDefault="1" showInWebsite="1" showInStore="0">
                    <label>Default Width (cm)</label>
                    <depends>
                        <field id="auspost_allow_default">1</field>
                    </depends>
                </field>
                <!--                 </group>-->
            </group>    
        </section>
    </system>
</config>