<?xml version="1.0"?>

<config xmlns:xsi="http://www.w3.org/2001/XMLSchema-instance"
        xsi:noNamespaceSchemaLocation="urn:magento:framework:ObjectManager/etc/config.xsd">

    <type name="PL\Migs\Logger\Handler">
        <arguments>
            <argument name="filesystem" xsi:type="object">Magento\Framework\Filesystem\Driver\File</argument>
        </arguments>
    </type>
    <type name="PL\Migs\Logger\Logger">
        <arguments>
            <argument name="name" xsi:type="string">PLLogger</argument>
            <argument name="handlers"  xsi:type="array">
                <item name="exception" xsi:type="object">PL\Migs\Logger\Handler</item>
                <item name="system" xsi:type="object">PL\Migs\Logger\Handler</item>
                <item name="debug" xsi:type="object">PL\Migs\Logger\Handler</item>
            </argument>
        </arguments>
    </type>
</config>