<?xml version="1.0"?>
<config xmlns:xsi="http://www.w3.org/2001/XMLSchema-instance" 
        xsi:noNamespaceSchemaLocation="../../../../../lib/internal/Magento/Framework/ObjectManager/etc/config.xsd">
    <virtualType name="Biztech\Auspost\Logger\Handler">
        <arguments>
            <argument name="filesystem" xsi:type="object">Magento\Framework\Filesystem\Driver\File</argument>
        </arguments>
    </virtualType>
    <virtualType name="Biztech\Auspost\Logger\Logger">
        <arguments>
            <argument name="name" xsi:type="string">auspost</argument>
            <argument name="handlers"  xsi:type="array">
                <item name="debug" xsi:type="object">Biztech\Auspost\Logger\Handler</item>
            </argument>
        </arguments>
    </virtualType>
</config>